--init stock table data
INSERT INTO stock (code , name) VALUES
('5930','삼성전자'),
('373220','LG에너지솔루션'),
('660','SK하이닉스'),
('207940','삼성바이오로직스'),
('5935','삼성전자우'),
('51910','LG화학'),
('6400','삼성SDI'),
('35420','NAVER'),
('5380','현대차'),
('35720','카카오'),
('270','기아'),
('68270','셀트리온'),
('28260','삼성물산'),
('5490','POSCO홀딩스'),
('105560','KB금융'),
('12330','현대모비스'),
('96770','SK이노베이션'),
('55550','신한지주'),
('34730','SK'),
('66570','LG전자'),
('323410','카카오뱅크'),
('15760','한국전력'),
('34020','두산에너빌리티'),
('3550','LG'),
('259960','크래프톤'),
('3670','포스코케미칼'),
('32830','삼성생명'),
('329180','현대중공업'),
('11200','HMM'),
('86790','하나금융지주'),
('51900','LG생활건강'),
('17670','SK텔레콤'),
('33780','KT&G'),
('10130','고려아연'),
('10950','S-Oil'),
('9150','삼성전기'),
('18260','삼성에스디에스'),
('30200','KT'),
('3490','대한항공'),
('810','삼성화재'),
('302440','SK바이오사이언스'),
('377300','카카오페이'),
('9830','한화솔루션'),
('316140','우리금융지주'),
('36570','엔씨소프트'),
('11070','LG이노텍'),
('352820','하이브'),
('90430','아모레퍼시픽'),
('24110','기업은행'),
('361610','SK아이이테크놀로지'),
('86280','현대글로비스'),
('9540','한국조선해양'),
('97950','CJ제일제당'),
('11170','롯데케미칼'),
('402340','SK스퀘어'),
('326030','SK바이오팜'),
('34220','LG디스플레이'),
('251270','넷마블'),
('383220','F&F'),
('18880','한온시스템'),
('35250','강원랜드'),
('47810','한국항공우주'),
('69500','KODEX 200'),
('32640','LG유플러스'),
('10140','삼성중공업'),
('88980','맥쿼리인프라'),
('720','현대건설'),
('11790','SKC'),
('161390','한국타이어앤테크놀로지'),
('21240','코웨이'),
('267250','HD현대'),
('60','메리츠화재'),
('4020','현대제철'),
('5830','DB손해보험'),
('28050','삼성엔지니어링'),
('10620','현대미포조선'),
('271560','오리온'),
('100','유한양행'),
('6800','미래에셋증권'),
('180640','한진칼'),
('78930','GS'),
('4990','롯데지주'),
('11780','금호석유'),
('138040','메리츠금융지주'),
('137310','에스디바이오센서'),
('36460','한국가스공사'),
('128940','한미약품'),
('371460','TIGER 차이나전기차SOLACTIVE'),
('29780','삼성카드'),
('12450','한화에어로스페이스'),
('3410','쌍용C&E'),
('71050','한국금융지주'),
('20150','일진머티리얼즈'),
('5940','NH투자증권'),
('241560','두산밥캣'),
('307950','현대오토에버'),
('5387','현대차2우B'),
('8560','메리츠증권'),
('16360','삼성증권'),
('47050','포스코인터내셔널'),
('1450','현대해상'),
('282330','BGF리테일'),
('10060','OCI'),
('28670','팬오션'),
('2790','아모레G'),
('139480','이마트'),
('272210','한화시스템'),
('120','CJ대한통운'),
('23530','롯데쇼핑'),
('52690','한전기술'),
('8930','한미사이언스'),
('8770','호텔신라'),
('64350','현대로템'),
('112610','씨에스윈드'),
('2380','KCC'),
('6360','GS건설'),
('7070','GS리테일'),
('14680','한솔케미칼'),
('30000','제일기획'),
('26960','동서');

--init stock_price table data
INSERT INTO stock_price (stock_code , price)VALUES
('5930',61500),
('373220',452000),
('660',95700),
('207940',875000),
('5935',56400),
('51910',651000),
('6400',624000),
('35420',250000),
('5380',186000),
('35720',79200),
('270',76700),
('68270',202500),
('28260',120500),
('5490',256000),
('105560',50700),
('12330',211000),
('96770',210500),
('55550',35500),
('34730',236000),
('66570',102000),
('323410',31200),
('15760',21550),
('34020',21450),
('3550',84300),
('259960',258000),
('3670',161500),
('32830',62000),
('329180',134500),
('11200',23550),
('86790',38500),
('51900',726000),
('17670',51200),
('33780',81200),
('10130',589000),
('10950',92300),
('9150',138000),
('18260',133000),
('30200',38000),
('3490',26500),
('810',198500),
('302440',122000),
('377300',68400),
('9830',46600),
('316140',12200),
('36570',382500),
('11070',347000),
('352820',188000),
('90430',128000),
('24110',9690),
('361610',94700),
('86280',178500),
('9540',92100),
('97950',419000),
('11170',182000),
('402340',43600),
('326030',78000),
('34220',16250),
('251270',67300),
('383220',149000),
('18880',10600),
('35250',26400),
('47810',56100),
('69500',32915),
('32640',12350),
('10140',5990),
('88980',12850),
('720',46400),
('11790',132500),
('161390',38950),
('21240',65000),
('267250',59400),
('60',38150),
('4020',33250),
('5830',62400),
('28050',22400),
('10620',108000),
('271560',109000),
('100',56800),
('6800',6730),
('180640',61800),
('78930',44200),
('4990',38900),
('11780',131500),
('138040',30050),
('137310',37350),
('36460',41700),
('128940',311500),
('371460',16600),
('29780',31550),
('12450',71400),
('3410',7030),
('71050',61200),
('20150',72500),
('5940',10050),
('241560',33200),
('307950',120500),
('5387',89800),
('8560',4930),
('16360',35100),
('47050',25150),
('1450',34100),
('282330',174500),
('10060',124000),
('28670',5520),
('2790',35600),
('139480',105000),
('272210',15300),
('120',126500),
('23530',101500),
('52690',74900),
('8930',41600),
('8770',72200),
('64350',25750),
('112610',64900),
('2380',306000),
('6360',31500),
('7070',25600),
('14680',230500),
('30000',22350),
('26960',25650);

--init stock_views table data
INSERT INTO stock_views (stock_code,view) VALUES
('5930',0),
('373220',0),
('660',0),
('207940',0),
('5935',0),
('51910',0),
('6400',0),
('35420',0),
('5380',0),
('35720',0),
('270',0),
('68270',0),
('28260',0),
('5490',0),
('105560',0),
('12330',0),
('96770',0),
('55550',0),
('34730',0),
('66570',0),
('323410',0),
('15760',0),
('34020',0),
('3550',0),
('259960',0),
('3670',0),
('32830',0),
('329180',0),
('11200',0),
('86790',0),
('51900',0),
('17670',0),
('33780',0),
('10130',0),
('10950',0),
('9150',0),
('18260',0),
('30200',0),
('3490',0),
('810',0),
('302440',0),
('377300',0),
('9830',0),
('316140',0),
('36570',0),
('11070',0),
('352820',0),
('90430',0),
('24110',0),
('361610',0),
('86280',0),
('9540',0),
('97950',0),
('11170',0),
('402340',0),
('326030',0),
('34220',0),
('251270',0),
('383220',0),
('18880',0),
('35250',0),
('47810',0),
('69500',0),
('32640',0),
('10140',0),
('88980',0),
('720',0),
('11790',0),
('161390',0),
('21240',0),
('267250',0),
('60',0),
('4020',0),
('5830',0),
('28050',0),
('10620',0),
('271560',0),
('100',0),
('6800',0),
('180640',0),
('78930',0),
('4990',0),
('11780',0),
('138040',0),
('137310',0),
('36460',0),
('128940',0),
('371460',0),
('29780',0),
('12450',0),
('3410',0),
('71050',0),
('20150',0),
('5940',0),
('241560',0),
('307950',0),
('5387',0),
('8560',0),
('16360',0),
('47050',0),
('1450',0),
('282330',0),
('10060',0),
('28670',0),
('2790',0),
('139480',0),
('272210',0),
('120',0),
('23530',0),
('52690',0),
('8930',0),
('8770',0),
('64350',0),
('112610',0),
('2380',0),
('6360',0),
('7070',0),
('14680',0),
('30000',0),
('26960',0);

--init stock_trading_volume table data
INSERT INTO stock_trading_volume (stock_code,volume) VALUES
('5930',0),
('373220',0),
('660',0),
('207940',0),
('5935',0),
('51910',0),
('6400',0),
('35420',0),
('5380',0),
('35720',0),
('270',0),
('68270',0),
('28260',0),
('5490',0),
('105560',0),
('12330',0),
('96770',0),
('55550',0),
('34730',0),
('66570',0),
('323410',0),
('15760',0),
('34020',0),
('3550',0),
('259960',0),
('3670',0),
('32830',0),
('329180',0),
('11200',0),
('86790',0),
('51900',0),
('17670',0),
('33780',0),
('10130',0),
('10950',0),
('9150',0),
('18260',0),
('30200',0),
('3490',0),
('810',0),
('302440',0),
('377300',0),
('9830',0),
('316140',0),
('36570',0),
('11070',0),
('352820',0),
('90430',0),
('24110',0),
('361610',0),
('86280',0),
('9540',0),
('97950',0),
('11170',0),
('402340',0),
('326030',0),
('34220',0),
('251270',0),
('383220',0),
('18880',0),
('35250',0),
('47810',0),
('69500',0),
('32640',0),
('10140',0),
('88980',0),
('720',0),
('11790',0),
('161390',0),
('21240',0),
('267250',0),
('60',0),
('4020',0),
('5830',0),
('28050',0),
('10620',0),
('271560',0),
('100',0),
('6800',0),
('180640',0),
('78930',0),
('4990',0),
('11780',0),
('138040',0),
('137310',0),
('36460',0),
('128940',0),
('371460',0),
('29780',0),
('12450',0),
('3410',0),
('71050',0),
('20150',0),
('5940',0),
('241560',0),
('307950',0),
('5387',0),
('8560',0),
('16360',0),
('47050',0),
('1450',0),
('282330',0),
('10060',0),
('28670',0),
('2790',0),
('139480',0),
('272210',0),
('120',0),
('23530',0),
('52690',0),
('8930',0),
('8770',0),
('64350',0),
('112610',0),
('2380',0),
('6360',0),
('7070',0),
('14680',0),
('30000',0),
('26960',0);